Timestamp,Email address,Primary Contact Person ,Designation / Role  ,Phone Number  ,Preferred Communication Method  ,Secondary Contact Person  (Optional) ,Secondary Contact Number (Optional)  ,Social Media Links  ,What is the official name of your club/team?  ,Short Introduction About The Club  ,What are the most important things you want visitors to notice on the website?  ,Who is the primary audience for the website?  ,Describe the overall vibe or personality you want the website to convey.  ,What should visitors feel when they visit the website?  ,"Important achievements, milestones, or highlights to showcase (Optional)  ",Any specific sections/features you would like on the website?  ,Do you already have a logo for the club?  ,Upload Club Logo  ,Do you have brand guidelines or brand assets?  ,Upload Brand Assets (Optional)  ,Preferred Website Style  ,Preferred Color Direction  ,Websites You Like / References  ,Any additional design ideas or inspirations? (Optional)  ,Upload Team Photos  ,Upload Match Photos  ,Upload Sponsor Logos (Optional)  ,Share important content/details to include on the website  ,Existing Domain Name  ,Domain Provider / Registrar  ,Existing Hosting Status  ,Existing Professional Email ID Used For Website Services  ,Preferred Access Method  ,Do you require any of the following integrations/features? ,Will Mergex manage future website maintenance?  ,Is there anything else you would like us to know about the project?  ,Are there any additional features or functionalities you may want in the future?  ,"Any competitors, clubs, or brands you admire?  ",What is your expected ideal launch date for the new website?,Final Submission Confirmation  
30/05/2026 14:41:09,neidhalfc@gmail.com,Pradeep Ramesh,Co Founder,9962916597,WhatsApp,Vijay Balan,9962103566,"https://instagram.com/neidhalfc
https://youtube.com/@neidhalfc",Neidhal Football Club ,"Vision
To bring the soul back into football by creating fearless, skillful players who play with flair, freedom, and creativity — not just tactics. At Neidhal FC, we believe football should inspire expression, joy, and individuality, not robotic repetition.

Mission
At Neidhal FC, our mission is to develop players who dare to think differently on the pitch.
While modern football is becoming increasingly tactical and system-driven, we aim to preserve the art of the game by nurturing:

Creative decision-making
Flair and street-style expression
Confidence in 1v1 situations
Freedom to improvise
Love and enjoyment for football
We train players not only to fit into systems, but to stand out within them.
Because everyone can coach football — but very few can create players who make people fall in love with the game.","Academy / Training, Club Story, Membership Programs, Facilities","Players, Parents, Tournament Organizers, Media, Students / Youth",Let Mergex Decide,Excited,,,Yes,https://drive.google.com/open?id=1HGS41YH4JFPnk5HKp3dZLkBsiCBvmftW,No,,Let Mergex Decide,,,,https://drive.google.com/open?id=1BdW6tVgBaAkAOxdUUWsGozVqu7ltExT4,,,,www.neidhalfc.com  ,GoDaddy,Not sure,contact@neidhalfc.com,you decide,"WhatsApp Integration, Instagram Feed, Google Maps, Contact Forms, Membership/Registration Forms",Need discussion later,,,,30/06/2026,I confirm that the provided information/assets are accurate to the best of my knowledge.